starttime,duration,eventType,eventIdx,meanPupilDiameter,meanX,meanY,startSaccadeX,startSaccadeY,endSaccadeX,endSaccadeY
479769041,47.0,Saccade,1,0.68443,NaN,NaN,950.00,534.00,634.00,474.00
479815709,143.0,Fixation,1,0.62196,646.00,493.00,NaN,NaN,NaN,NaN
479959043,38.0,Saccade,2,0.54627,NaN,NaN,640.00,498.00,378.00,454.00
479997377,133.0,Fixation,2,0.50389,394.00,461.00,NaN,NaN,NaN,NaN
480130712,22.0,Saccade,3,0.48012,NaN,NaN,394.00,462.00,346.00,510.00
480152379,138.0,Fixation,3,0.47101,359.00,508.00,NaN,NaN,NaN,NaN
480290714,50.0,Saccade,4,0.46713,NaN,NaN,356.00,504.00,839.00,531.00
480340715,152.0,Fixation,4,0.47169,841.00,536.00,NaN,NaN,NaN,NaN
480492383,40.0,Saccade,5,0.47881,NaN,NaN,846.00,539.00,1084.00,528.00
